{"cameraMode":{"drawMode":0,"name":"Shaded","section":"Shading Mode"},"sceneLighting":true,"audioPlay":false,"sceneViewState":{"showFog":true,"showMaterialUpdate":false,"showSkybox":true,"showFlares":true,"showImageEffects":true,"showParticleSystems":true},"in2DMode":false,"pivot":{"x":-33.70425033569336,"y":15.151018142700196,"z":-20.480127334594728},"rotation":{"x":-0.011139409616589547,"y":-0.4235607385635376,"z":0.005237249191850424,"w":-0.9057971835136414},"size":12.4526948928833,"orthographic":false}