{"cameraMode":{"drawMode":0,"name":"Shaded","section":"Shading Mode"},"sceneLighting":true,"audioPlay":false,"sceneViewState":{"showFog":true,"showMaterialUpdate":false,"showSkybox":true,"showFlares":true,"showImageEffects":true,"showParticleSystems":true},"in2DMode":false,"pivot":{"x":-32.60799026489258,"y":16.59034538269043,"z":-11.46127986907959},"rotation":{"x":0.01600554585456848,"y":0.9734084010124207,"z":-0.07198570668697357,"w":0.21696141362190247},"size":3.1073176860809328,"orthographic":false}